song_title,artist,tempo,mfcc_1,mfcc_2,mfcc_3,mfcc_4,mfcc_5,mfcc_6,mfcc_7,mfcc_8,mfcc_9,mfcc_10,mfcc_11,mfcc_12,mfcc_13,chroma_mean_1,chroma_mean_2,chroma_mean_3,chroma_mean_4,chroma_mean_5,chroma_mean_6,chroma_mean_7,chroma_mean_8,chroma_mean_9,chroma_mean_10,chroma_mean_11,chroma_mean_12,chroma_std_1,chroma_std_2,chroma_std_3,chroma_std_4,chroma_std_5,chroma_std_6,chroma_std_7,chroma_std_8,chroma_std_9,chroma_std_10,chroma_std_11,chroma_std_12,spectral_centroid
Happy,Pharrell Williams,161.4990234375,-63.6962,75.5557,27.1962,18.5626,13.1516,-1.5304,-4.3046,6.2594,-2.349,-1.9867,-7.0585,4.5437,-6.7583,0.4469,0.3165,0.3168,0.4342,0.4003,0.5111,0.3224,0.3818,0.3485,0.3128,0.37,0.3123,0.3216,0.2485,0.2696,0.3367,0.2654,0.3643,0.2406,0.3173,0.3005,0.2661,0.3077,0.2366,2797.2431
Dark Horse,Katy Perry featuring Juicy J,129.19921875,-159.8471,88.2579,3.344,19.2012,14.2872,11.0077,1.8346,8.1623,5.6319,5.8344,-1.2023,7.6562,2.6823,0.5981,0.5089,0.3136,0.2926,0.26,0.3497,0.3097,0.3743,0.4958,0.4983,0.5825,0.525,0.3207,0.288,0.2435,0.2905,0.2298,0.2974,0.246,0.2468,0.3034,0.2904,0.3346,0.3255,2171.6416
All of Me,John Legend,123.046875,-196.2145,103.6993,-1.8589,7.781,-9.0026,-6.6333,-20.5196,-8.8551,-21.7296,-7.8209,-9.3445,-8.6193,-12.2958,0.279,0.2167,0.1575,0.2963,0.1909,0.3102,0.1511,0.263,0.3009,0.1676,0.274,0.1709,0.3417,0.2988,0.189,0.3688,0.1959,0.3834,0.1911,0.3185,0.3381,0.1934,0.3509,0.2173,1954.9483
Fancy,Iggy Azalea featuring Charli XCX,95.703125,-59.9829,65.7988,-11.0856,22.3801,5.6719,5.6745,4.8435,3.3919,5.1245,11.8218,0.0104,9.9656,2.3385,0.4869,0.4538,0.4959,0.5036,0.4264,0.4057,0.3916,0.3985,0.3411,0.3604,0.4014,0.4562,0.3395,0.2942,0.3032,0.3317,0.2774,0.3007,0.2965,0.3102,0.2781,0.2714,0.2741,0.3015,2767.0608
Counting Stars,OneRepublic,123.046875,-37.2294,84.36,6.6459,24.8793,3.0391,10.3639,1.9212,1.7898,-5.8202,6.0292,-3.0662,2.9789,-4.3807,0.3545,0.472,0.3287,0.3768,0.4347,0.3571,0.4559,0.3717,0.4569,0.3408,0.3063,0.4023,0.2442,0.3292,0.2407,0.278,0.3285,0.2542,0.3534,0.2761,0.3364,0.2832,0.2344,0.3126,2460.3456
Talk Dirty,Jason Derulo featuring 2 Chainz,99.38401442307692,-221.3368,61.8489,-12.0415,15.0293,0.8818,1.1593,-4.5613,4.7267,-3.0593,6.9385,-3.6727,1.6647,-2.1271,0.3462,0.4112,0.3907,0.367,0.4337,0.4911,0.5557,0.5,0.4721,0.5035,0.44,0.4138,0.2746,0.3197,0.2856,0.2708,0.314,0.3332,0.3516,0.3345,0.3183,0.3331,0.293,0.2983,2563.7717
Rude,Magic!,143.5546875,-52.8052,85.6668,-9.6729,22.7636,9.1473,6.8627,-2.8222,6.7957,-6.278,10.3239,-8.2353,7.0731,-3.6576,0.4072,0.5001,0.3269,0.3159,0.2896,0.3938,0.3562,0.3726,0.4829,0.396,0.4009,0.3275,0.302,0.3645,0.2652,0.2763,0.2306,0.312,0.2976,0.2933,0.3303,0.2928,0.3254,0.2676,2401.7069
All About That Bass,Meghan Trainor,89.10290948275862,-61.708,94.3685,-2.8074,23.9936,-3.5497,10.3876,1.0101,-0.4786,0.2157,5.4426,1.5889,3.3558,0.8448,0.4323,0.4727,0.4521,0.4045,0.4854,0.4161,0.3907,0.3362,0.3463,0.4602,0.3789,0.4145,0.3153,0.3113,0.3032,0.2865,0.3295,0.3162,0.3089,0.27,0.2647,0.3222,0.2772,0.3055,2218.6907
Problem,Ariana Grande featuring Iggy Azalea,103.359375,-147.0327,64.2067,-6.4738,15.8329,2.4085,2.2504,5.2331,0.8342,5.4162,9.5676,-4.6786,4.0414,-1.958,0.3386,0.3057,0.2702,0.324,0.2677,0.2846,0.3787,0.3852,0.5202,0.44,0.438,0.4714,0.2753,0.289,0.2544,0.2952,0.2586,0.2606,0.3016,0.2959,0.3946,0.3528,0.3188,0.3521,2545.3086
Stay with Me,Sam Smith,86.1328125,-134.6621,132.4322,16.3187,19.8143,9.0504,15.5037,5.2737,7.946,2.0615,2.7729,0.916,1.2684,3.1377,0.6097,0.3639,0.314,0.2801,0.342,0.2259,0.223,0.3861,0.2832,0.3257,0.3059,0.4538,0.3834,0.2575,0.2903,0.2668,0.3241,0.2697,0.2297,0.3349,0.2642,0.3332,0.2429,0.2889,1407.8705
Timber,Pitbull featuring Kesha,129.19921875,-28.1279,63.9873,-7.2338,16.0317,1.1838,5.5859,3.9662,2.7833,-0.5653,4.7578,-4.6611,3.7134,-1.5839,0.3815,0.4278,0.3364,0.3847,0.317,0.366,0.528,0.3766,0.4293,0.359,0.4118,0.4999,0.2653,0.3215,0.2526,0.3023,0.2663,0.2855,0.3376,0.2656,0.3327,0.2761,0.2816,0.3473,2793.1534
Pompeii,Bastille,129.19921875,-77.4298,91.0736,-9.6146,17.1822,8.3733,3.1063,3.2594,3.4635,-8.184,4.5419,1.1185,2.6544,5.2113,0.3366,0.4805,0.3583,0.3955,0.5087,0.3615,0.3493,0.2967,0.4198,0.4887,0.303,0.361,0.2261,0.333,0.2806,0.2686,0.3256,0.26,0.2972,0.2453,0.2821,0.3362,0.2174,0.3145,2362.5465
Shake It Off,Taylor Swift,161.4990234375,-34.957,70.3869,-11.7256,16.0725,7.4902,8.1733,8.1565,5.1561,3.2725,6.2726,-3.4406,6.2071,-0.7426,0.4226,0.4064,0.5268,0.3471,0.389,0.3015,0.4014,0.5541,0.4247,0.4835,0.3991,0.4741,0.305,0.2646,0.3356,0.2439,0.2983,0.223,0.2705,0.3388,0.261,0.3278,0.251,0.3027,2798.4472
Am I Wrong,Nico & Vinz,117.45383522727273,-55.3813,95.3337,-11.677,18.2506,6.5364,7.8322,-2.7683,6.0129,-3.307,2.8335,-0.4856,1.5855,-3.4546,0.3956,0.2582,0.3393,0.4701,0.2729,0.3211,0.2845,0.4789,0.3598,0.3274,0.4603,0.2994,0.3326,0.2141,0.2622,0.3574,0.2089,0.3055,0.2149,0.3421,0.291,0.2542,0.3367,0.2275,2200.9558
Turn Down for What,DJ Snake and Lil Jon,99.38401442307692,-65.3937,50.7344,-1.4891,13.7873,13.9373,18.4687,8.0883,13.2648,5.9685,5.8028,4.3908,5.0016,0.1576,0.4511,0.4306,0.4855,0.5746,0.6945,0.6783,0.5958,0.5552,0.5138,0.4279,0.4452,0.4744,0.2617,0.2504,0.2518,0.2674,0.3251,0.3142,0.2666,0.2568,0.2577,0.2326,0.2386,0.2663,2944.1488
The Monster,Eminem featuring Rihanna,112.34714673913044,-29.2726,75.1112,-8.5721,20.175,11.1801,2.7943,3.2782,5.8619,1.095,5.3734,-2.8234,3.3227,-6.4136,0.4094,0.433,0.3567,0.4073,0.4336,0.3347,0.394,0.3719,0.501,0.4417,0.4072,0.4474,0.3081,0.3299,0.2905,0.3037,0.3287,0.2565,0.3164,0.2628,0.3341,0.3209,0.2889,0.3162,2729.9181
Say Something,A Great Big World and Christina Aguilera,143.5546875,-239.2823,118.7476,6.1221,18.036,1.5167,0.5607,-0.1983,-2.9899,-5.8628,0.186,-8.9604,-5.8788,-8.1219,0.1124,0.3086,0.7238,0.2542,0.2123,0.1566,0.2982,0.2031,0.2108,0.3863,0.1914,0.1651,0.1504,0.203,0.3491,0.1547,0.2959,0.1811,0.3249,0.2619,0.1891,0.3481,0.1751,0.248,1425.7482
Team,Lorde,49.69200721153846,-104.1412,86.1967,10.9608,24.2614,1.5549,8.6102,-2.6763,5.4464,-0.7182,5.5964,-1.827,0.2695,1.2746,0.3325,0.3814,0.2889,0.3245,0.3279,0.4439,0.509,0.402,0.4562,0.3914,0.4655,0.3644,0.2666,0.3106,0.2303,0.2874,0.2718,0.306,0.3447,0.2839,0.3521,0.2921,0.3472,0.3004,2283.8489
Let Her Go,Passenger,151.99908088235293,-120.9599,94.6876,11.7094,24.7531,8.5984,4.9333,2.2074,1.9909,-3.6802,-1.163,-7.5878,-4.3699,-3.8228,0.3083,0.2867,0.4341,0.3106,0.3212,0.2565,0.3522,0.4039,0.2776,0.3491,0.2666,0.3887,0.3001,0.2327,0.3661,0.2444,0.3274,0.2493,0.2835,0.3551,0.2252,0.3448,0.2272,0.3421,2102.9721
Royals,Lorde,86.1328125,-224.4608,98.1542,13.3053,33.8774,14.7401,8.6109,11.0921,8.3031,9.5129,4.6494,8.3267,7.4723,1.5514,0.4781,0.5028,0.5673,0.4456,0.4111,0.3679,0.427,0.385,0.3811,0.4591,0.4137,0.4467,0.3464,0.2987,0.3217,0.2783,0.3087,0.2886,0.3278,0.2962,0.2907,0.3262,0.2842,0.3198,1765.1646
Wake Me Up,Avicii,123.046875,-42.3831,74.8812,-5.8538,16.6962,8.1785,9.533,-1.4208,6.4751,-7.1142,3.4619,-2.8915,0.4477,2.0295,0.3003,0.3886,0.5236,0.3045,0.3007,0.2979,0.5223,0.3706,0.3533,0.5286,0.3668,0.4472,0.2283,0.2588,0.3481,0.2181,0.2702,0.201,0.3118,0.2765,0.2468,0.3232,0.2259,0.3405,2749.382
Demons,Imagine Dragons,89.10290948275862,-50.3755,106.7148,-15.8711,17.4729,-2.0183,1.3264,-7.0406,6.4615,-8.0578,-3.993,1.1267,3.7957,1.0897,0.2915,0.2013,0.4166,0.5689,0.2604,0.3024,0.2746,0.4739,0.3489,0.2414,0.3305,0.2307,0.31,0.1858,0.2842,0.326,0.1949,0.311,0.2464,0.3758,0.3258,0.2181,0.3069,0.2167,1950.7999
Story of My Life,One Direction,123.046875,-103.578,107.7163,19.1937,8.6576,12.7472,6.2349,-5.5351,1.801,-6.5745,2.8442,-3.405,1.788,-5.2197,0.3234,0.2323,0.4385,0.5609,0.2692,0.255,0.2271,0.4419,0.316,0.256,0.3946,0.2612,0.3216,0.2036,0.2968,0.3664,0.2021,0.2875,0.1926,0.3437,0.2933,0.2069,0.3258,0.2084,2068.7216
Chandelier,Sia,86.1328125,-36.3917,81.9225,-1.0438,23.3411,3.0515,1.6245,10.361,-6.2304,3.354,2.0404,-0.8337,5.5295,1.5578,0.3683,0.4299,0.2577,0.3231,0.2958,0.427,0.4236,0.3846,0.4096,0.2906,0.3598,0.2466,0.3026,0.3366,0.212,0.3123,0.2345,0.3256,0.3106,0.272,0.3325,0.2258,0.3192,0.2138,2565.7962
Black Widow,Iggy Azalea featuring Rita Ora,161.4990234375,-51.1252,91.6824,-14.0757,18.6948,4.49,0.9578,6.9763,1.774,0.0883,4.9344,-4.1008,2.8874,-0.9807,0.3091,0.3422,0.4429,0.5425,0.4879,0.5313,0.5453,0.3386,0.3422,0.2855,0.4171,0.3657,0.2248,0.2403,0.3134,0.3452,0.3263,0.3202,0.3267,0.2365,0.3123,0.2158,0.3264,0.2629,2209.233
Bang Bang,"Jessie J, Ariana Grande and Nicki Minaj",151.99908088235293,-45.4945,58.4384,-23.3237,10.6473,-6.6635,1.5398,0.095,-2.7636,-1.0388,2.5491,-7.812,4.2034,-0.4137,0.5455,0.3851,0.3743,0.362,0.3343,0.325,0.3203,0.4139,0.321,0.3734,0.5134,0.4641,0.3526,0.273,0.291,0.2982,0.2804,0.2853,0.265,0.3184,0.2611,0.2898,0.3379,0.2798,2914.2837
Latch,Disclosure featuring Sam Smith,123.046875,-67.5625,83.1935,6.1737,12.6431,2.5752,9.6263,1.3412,9.3784,-3.0816,5.0121,-4.3478,-0.4135,0.8439,0.4936,0.4446,0.3791,0.51,0.4433,0.5017,0.4389,0.4359,0.5784,0.4885,0.5566,0.4849,0.3233,0.3027,0.2682,0.3298,0.2791,0.31,0.2638,0.2684,0.3221,0.2833,0.3053,0.2811,2486.9099
Maps,Maroon 5,117.45383522727273,-115.3928,73.8,5.3111,19.0937,0.4618,10.8078,-0.8977,7.1869,-0.0949,4.4422,-0.525,1.3485,-0.5376,0.3378,0.5089,0.3065,0.3032,0.3257,0.2351,0.3268,0.3034,0.5075,0.3087,0.2575,0.3245,0.2646,0.3822,0.2477,0.262,0.3059,0.2115,0.3368,0.2435,0.368,0.2685,0.2406,0.3,2700.8556
Loyal,Chris Brown featuring Lil Wayne and French Montana or Too Short or Tyga,198.76802884615384,-144.1618,90.0755,11.9778,14.6168,7.8001,-0.6011,3.2429,5.5485,-0.5844,10.2834,1.5616,6.9922,0.8953,0.4871,0.5562,0.4943,0.4889,0.3997,0.4141,0.4497,0.3325,0.3972,0.3903,0.4763,0.4693,0.3329,0.3054,0.3057,0.3579,0.3096,0.2979,0.3103,0.2299,0.3045,0.2751,0.3036,0.3127,2108.9364
Best Day of My Life,American Authors,99.38401442307692,-81.946,91.2459,-0.9891,16.0808,0.5384,14.4449,2.4118,9.3896,-2.4143,6.3619,5.0981,4.9199,-1.0865,0.2681,0.3391,0.4892,0.3533,0.4038,0.3169,0.4175,0.3156,0.3512,0.5793,0.3641,0.358,0.2153,0.2493,0.3425,0.2348,0.3074,0.2375,0.3231,0.2654,0.2352,0.3467,0.2452,0.2913,2331.5938
Habits (Stay High),Tove Lo,107.666015625,-69.9214,97.2041,-3.6656,18.5438,5.5185,10.8456,11.2426,6.8385,0.8249,9.8146,-2.7325,4.4293,-2.2791,0.3413,0.3114,0.4273,0.2862,0.3738,0.4754,0.3017,0.2819,0.2856,0.4824,0.3651,0.2944,0.2874,0.2502,0.3762,0.2431,0.2937,0.36,0.2449,0.2732,0.2196,0.3312,0.329,0.2656,2046.2738
Summer,Calvin Harris,129.19921875,-16.0076,82.9942,-5.7754,16.0587,-1.0308,8.0624,-5.744,3.8932,-4.9883,1.871,-3.9609,2.0938,-6.2788,0.3784,0.3351,0.4402,0.3249,0.4325,0.3026,0.4564,0.5828,0.3692,0.4,0.3183,0.4192,0.2772,0.2129,0.3155,0.204,0.3191,0.2127,0.2883,0.3316,0.2352,0.3073,0.2187,0.3036,2571.5392
Boom Clap,Charli XCX,92.28515625,-38.6906,73.9143,-7.9973,20.1002,-0.7158,13.1058,3.8121,-0.5156,4.3221,7.2359,-1.6678,4.9142,-4.6652,0.4009,0.3798,0.3415,0.4336,0.5164,0.4004,0.4224,0.3557,0.4933,0.3605,0.3982,0.5563,0.2758,0.3056,0.2642,0.2879,0.3427,0.2839,0.3073,0.2488,0.3464,0.2816,0.2604,0.3322,2508.8297
Drunk in Love,Beyoncé featuring Jay-Z,135.99917763157896,-96.7571,71.9449,-3.7175,11.4191,-1.5258,4.5746,5.5858,2.342,3.3796,7.4232,-0.9388,4.1283,4.2808,0.6014,0.4413,0.3031,0.3644,0.3251,0.4182,0.3572,0.4578,0.5058,0.4559,0.5196,0.4951,0.345,0.2837,0.2401,0.3154,0.2895,0.3429,0.2755,0.2849,0.3169,0.3209,0.3458,0.336,2536.7246
Anaconda,Nicki Minaj,129.19921875,-80.8924,63.8282,-10.8394,20.1461,-2.8039,9.8226,3.3793,9.6675,1.6436,5.0005,-1.4985,4.001,-1.4058,0.4231,0.4691,0.4941,0.4502,0.4366,0.4311,0.3898,0.399,0.466,0.4555,0.412,0.4235,0.2882,0.2876,0.3036,0.2955,0.317,0.3413,0.3131,0.2836,0.2922,0.2972,0.2812,0.3023,2871.8973
Break Free,Ariana Grande featuring Zedd,129.19921875,-52.2398,74.324,1.9195,17.1387,5.4668,4.0379,10.6063,1.0433,8.7679,7.6257,-5.2018,5.5108,-0.3756,0.3416,0.3106,0.3997,0.3363,0.3237,0.4402,0.3387,0.4531,0.3956,0.4932,0.5962,0.3513,0.2995,0.2578,0.3046,0.2864,0.248,0.3175,0.238,0.3379,0.311,0.3223,0.3468,0.2519,2656.8226
Bailando,Enrique Iglesias featuring Descemer Bueno and Gente de Zona,184.5703125,-105.7908,61.5249,8.2359,18.5289,6.8534,6.2147,-1.0684,3.3368,-7.1321,6.1599,-2.328,5.6188,0.8342,0.4128,0.3878,0.5146,0.4213,0.4215,0.3361,0.4151,0.4278,0.3503,0.4028,0.3944,0.495,0.2956,0.2642,0.3483,0.2755,0.3242,0.2549,0.2993,0.3104,0.256,0.3064,0.2694,0.3291,2887.939
Burn,Ellie Goulding,117.45383522727273,-70.6701,89.0342,20.054,14.6681,3.8,3.8706,7.5761,3.45,4.1457,4.4256,-1.7709,2.7097,1.307,0.332,0.4233,0.2281,0.2677,0.2207,0.2837,0.2521,0.2795,0.4304,0.2973,0.3556,0.2218,0.3007,0.3777,0.208,0.3199,0.2235,0.3047,0.2799,0.2484,0.3639,0.2493,0.355,0.2143,2360.7003
Wiggle,Jason Derulo featuring Snoop Dogg,161.4990234375,-108.2592,56.0308,2.7978,11.0026,3.722,4.001,-3.4096,9.3663,-3.8267,-0.5507,-5.0396,-1.7907,-1.5846,0.44,0.2853,0.3202,0.3155,0.4136,0.3581,0.325,0.3389,0.3779,0.4644,0.3213,0.3749,0.3756,0.2653,0.3135,0.2776,0.3453,0.323,0.293,0.3,0.3096,0.3765,0.2859,0.3072,2817.6583
Rather Be,Clean Bandit featuring Jess Glynne,123.046875,-126.7255,88.2563,2.0099,15.7084,0.3246,-7.3437,-4.7526,3.4426,-3.274,-0.068,-2.6485,2.6536,-4.7265,0.2924,0.3201,0.2822,0.4189,0.314,0.2892,0.4541,0.32,0.434,0.2878,0.3475,0.4819,0.2502,0.3228,0.2531,0.3316,0.2834,0.2539,0.3593,0.2477,0.3596,0.2533,0.2808,0.3627,2220.0687
Don't Tell 'Em,Jeremih featuring YG,99.38401442307692,-78.6496,90.6272,-1.8322,27.1602,12.2688,4.334,7.2751,-0.8408,-3.8524,8.1066,-6.282,2.9391,-1.9968,0.3109,0.293,0.3644,0.3536,0.472,0.5852,0.3587,0.3058,0.293,0.4564,0.3369,0.2741,0.2784,0.2476,0.3358,0.293,0.3228,0.3626,0.2482,0.2888,0.2381,0.3596,0.2684,0.2383,2220.2009
Show Me,Kid Ink featuring Chris Brown,184.5703125,-99.5047,75.9716,13.4355,23.2507,14.013,3.9105,5.0552,7.4907,-2.2169,12.8268,1.1827,8.2213,6.6375,0.2838,0.2558,0.3343,0.3007,0.3999,0.3594,0.5219,0.6131,0.4993,0.5775,0.4221,0.4425,0.2414,0.2117,0.2898,0.2215,0.2968,0.2316,0.2862,0.3414,0.2792,0.3407,0.2488,0.3359,2448.2164
Wrecking Ball,Miley Cyrus,117.45383522727273,-108.8617,81.969,-4.0592,14.8128,-4.4189,-4.1563,-0.8157,-4.5493,-2.4852,-1.4958,-10.5455,-0.7369,-7.9777,0.3167,0.2273,0.3438,0.2291,0.2867,0.3927,0.2148,0.2281,0.2171,0.406,0.4003,0.2383,0.3253,0.2092,0.3521,0.2363,0.2911,0.3581,0.2115,0.2843,0.2185,0.3544,0.3563,0.2279,2398.1827
Not a Bad Thing,Justin Timberlake,86.1328125,-71.5764,99.1147,7.9422,20.3097,9.8347,0.9736,-2.6415,6.8041,-2.4533,2.5474,-1.3426,3.0096,-4.4475,0.2355,0.2933,0.483,0.3455,0.4164,0.3106,0.4453,0.533,0.381,0.4726,0.329,0.3445,0.2326,0.2309,0.3384,0.2495,0.3403,0.2392,0.2824,0.3354,0.2431,0.3474,0.2519,0.3004,2156.0049
Roar,Katy Perry,89.10290948275862,-43.3205,87.1342,-9.822,28.647,2.4007,7.7114,6.7612,11.9739,4.8839,8.9159,-3.2469,4.5319,-1.0855,0.4229,0.3222,0.4172,0.3089,0.2965,0.468,0.3503,0.4188,0.3812,0.4749,0.613,0.4057,0.3221,0.2312,0.2971,0.2614,0.2289,0.3256,0.2351,0.3183,0.2688,0.2771,0.3281,0.2501,2347.652
Ain't It Fun,Paramore,103.359375,-10.246,93.0767,-10.6046,22.2127,0.9009,9.7294,3.5969,3.6913,0.1225,1.2809,-5.18,1.7486,-4.3387,0.3787,0.4231,0.3243,0.4115,0.5089,0.3472,0.3486,0.3499,0.5107,0.4252,0.3698,0.4993,0.2441,0.3013,0.2432,0.2647,0.3382,0.2383,0.2883,0.2512,0.3148,0.3031,0.2494,0.3262,2323.1593
The Man,Aloe Blacc,86.1328125,-73.0318,94.6517,-0.9949,20.775,7.732,11.0433,1.1186,5.8793,0.5707,10.115,0.8115,5.4384,3.2683,0.3151,0.405,0.4434,0.3543,0.4225,0.3588,0.4342,0.3713,0.427,0.5076,0.3941,0.4222,0.2516,0.296,0.3173,0.2395,0.3121,0.2504,0.3082,0.2921,0.2989,0.3423,0.2726,0.3201,2214.2284
This Is How We Roll,Florida Georgia Line featuring Luke Bryan,129.19921875,-100.4879,88.7102,-23.8579,23.9521,-0.4533,6.4352,-2.9002,7.4634,-0.0218,5.1008,0.5685,6.0682,-2.0263,0.4042,0.302,0.3594,0.5656,0.348,0.3943,0.2935,0.3851,0.4434,0.3343,0.4873,0.3255,0.3138,0.2392,0.2489,0.3238,0.2327,0.2947,0.2331,0.2654,0.3204,0.2291,0.3459,0.226,2376.5475
Classic,MKTO,103.359375,-42.2417,72.4073,-5.2883,20.0932,5.735,9.8105,-6.3445,8.2254,-4.4413,6.1949,-2.4415,2.4003,0.7493,0.4335,0.545,0.3733,0.4004,0.3537,0.4891,0.3939,0.3817,0.4837,0.3859,0.4201,0.3526,0.2788,0.338,0.249,0.3045,0.2387,0.3203,0.2936,0.2797,0.3301,0.2766,0.3155,0.2613,2746.6936
A Sky Full of Stars,Coldplay,123.046875,-88.9069,103.3396,1.7253,17.6182,6.7767,6.7984,-4.6651,4.729,0.2513,-0.5281,-2.1421,2.6716,-1.9197,0.311,0.5066,0.2863,0.2918,0.2345,0.3565,0.5293,0.2944,0.3755,0.2795,0.4792,0.3812,0.2337,0.3477,0.2375,0.2853,0.2091,0.276,0.3548,0.2116,0.3359,0.2129,0.3305,0.3103,2020.786
Don't,Ed Sheeran,95.703125,-72.1661,76.2665,4.2543,28.2089,13.1411,12.2406,5.7167,13.5707,1.8946,7.6105,1.2325,5.0539,0.3744,0.4974,0.4167,0.4048,0.4998,0.4901,0.5327,0.4751,0.4255,0.4773,0.4238,0.4114,0.4299,0.3292,0.2854,0.2711,0.3187,0.2862,0.3329,0.2965,0.2825,0.3359,0.3204,0.3097,0.2969,2472.2547
Na Na,Trey Songz,95.703125,-81.8437,101.743,12.4757,16.175,15.671,-3.4626,-4.3486,0.2203,-8.7637,11.4929,-1.3485,-0.2178,-1.6485,0.4294,0.3064,0.392,0.3273,0.451,0.3394,0.2648,0.3049,0.3083,0.4066,0.2648,0.3915,0.3442,0.2629,0.3521,0.2611,0.3481,0.299,0.2298,0.2996,0.2622,0.345,0.214,0.3072,2141.8956
Hot Boy,Bobby Shmurda,83.35433467741936,-127.3761,89.527,0.0703,8.941,1.7816,13.0237,1.5692,10.2769,7.1047,2.8897,1.7569,11.4482,4.8396,0.4448,0.5702,0.4347,0.3835,0.3381,0.3211,0.3242,0.3554,0.5288,0.5135,0.4518,0.4366,0.282,0.3216,0.2595,0.2623,0.2466,0.2435,0.2554,0.2631,0.3357,0.3396,0.3306,0.3046,2289.3672
"Hold On, We're Going Home",Drake featuring Majid Jordan,99.38401442307692,-136.6171,102.6559,13.5831,20.5928,10.336,10.6217,4.6677,8.6383,-3.0082,11.9038,4.5257,4.5962,3.8282,0.4974,0.5586,0.4737,0.4411,0.4838,0.4355,0.4827,0.4042,0.4578,0.4971,0.456,0.5922,0.262,0.2881,0.2956,0.2868,0.3071,0.2731,0.289,0.2609,0.271,0.3067,0.2494,0.3102,1942.5622
Sing,Ed Sheeran,117.45383522727273,-54.0768,73.9981,-0.6043,17.4581,2.0216,4.4535,-1.6732,2.2087,-4.9346,-1.1562,-0.8452,-0.1864,-4.9685,0.317,0.3334,0.3186,0.3789,0.2783,0.3024,0.406,0.4353,0.5553,0.3774,0.365,0.3917,0.2635,0.3155,0.268,0.309,0.2457,0.2714,0.3295,0.2876,0.3585,0.2865,0.3203,0.314,2739.0224
Radioactive,Imagine Dragons,135.99917763157896,-27.5011,109.139,-16.7581,25.4271,-1.1313,6.1808,-4.2434,8.5909,-4.4224,2.8913,-1.5906,2.8992,-0.2065,0.3237,0.3522,0.3567,0.3214,0.4344,0.3044,0.3844,0.2761,0.3828,0.4836,0.3961,0.5389,0.227,0.2738,0.2864,0.2376,0.3297,0.2385,0.3186,0.2331,0.2975,0.3412,0.2416,0.3464,1947.3844
My Hitta,YG featuring Jeezy and Rich Homie Quan,172.265625,-174.9377,78.791,2.3734,7.3047,1.4959,-0.7037,-8.778,8.6797,-5.9708,8.9564,2.2715,5.185,0.5763,0.2969,0.3482,0.3359,0.3767,0.328,0.4437,0.5227,0.3557,0.394,0.3858,0.4899,0.3509,0.2628,0.3041,0.2916,0.3235,0.2583,0.3093,0.3417,0.2621,0.3232,0.2853,0.3532,0.2936,2604.7267
Cool Kids,Echosmith,129.19921875,-115.1939,89.4713,3.5192,24.493,3.1058,6.8219,5.717,4.1792,2.1867,7.3273,-0.3362,4.418,-4.7722,0.4004,0.2723,0.3559,0.5051,0.3572,0.3654,0.2705,0.4257,0.4735,0.3553,0.4672,0.3122,0.317,0.2309,0.2694,0.3478,0.2475,0.3181,0.1996,0.3018,0.3393,0.2463,0.3412,0.2271,2390.1702
Hey Brother,Avicii,123.046875,-42.4937,74.9259,-3.9022,25.574,2.1566,13.4739,-1.9852,5.4487,-3.5942,1.96,-1.1531,3.1859,-4.3468,0.3398,0.2641,0.481,0.2624,0.2813,0.4646,0.3324,0.5565,0.3215,0.3597,0.4566,0.3059,0.3242,0.1893,0.3277,0.2027,0.2313,0.3424,0.1962,0.3592,0.2245,0.2722,0.3429,0.2283,2585.3086
Trumpets,Jason Derulo,161.4990234375,-126.5301,60.6508,-14.1981,2.4843,-12.7599,-5.3731,-7.422,-3.4868,-8.5477,0.2725,-2.0071,-0.7388,0.0983,0.4503,0.2431,0.318,0.2571,0.4269,0.2955,0.2378,0.3322,0.2257,0.3026,0.2227,0.2928,0.3728,0.2121,0.3555,0.2418,0.3716,0.3128,0.2471,0.3318,0.24,0.3334,0.2533,0.2628,2512.3456
Animals,Maroon 5,95.703125,-49.7055,71.9822,0.1571,28.3214,5.4113,13.4083,2.107,9.2625,3.2195,8.554,3.0854,4.9652,1.9207,0.4592,0.41,0.4353,0.4112,0.5569,0.3837,0.4604,0.4637,0.3841,0.3811,0.4081,0.571,0.317,0.2719,0.2845,0.2409,0.3391,0.2681,0.3234,0.3156,0.2723,0.2913,0.2558,0.3284,2499.2935
Burnin' It Down,Jason Aldean,135.99917763157896,-70.9863,110.6758,-1.2056,28.6884,13.766,6.4773,-3.5522,7.072,-6.6941,5.3761,1.3282,1.5088,0.0365,0.2517,0.4388,0.3291,0.3859,0.2752,0.339,0.5056,0.3684,0.5118,0.3855,0.472,0.2832,0.2015,0.3263,0.2288,0.3153,0.2169,0.2491,0.3312,0.2147,0.3572,0.2417,0.3379,0.2194,1822.4053
Play It Again,Luke Bryan,143.5546875,-53.556,82.2649,-0.105,26.3324,5.6727,2.0375,-5.5053,9.6779,-3.4407,1.5218,0.0296,-0.3039,-0.8972,0.3187,0.4992,0.2822,0.3485,0.2987,0.3459,0.565,0.3477,0.3168,0.2214,0.3237,0.4028,0.2191,0.3497,0.2028,0.3012,0.241,0.2346,0.343,0.2455,0.2872,0.2089,0.2759,0.3395,2318.2291
2 On,Tinashe featuring ScHoolboy Q,99.38401442307692,-103.3857,78.3567,5.7508,24.0342,4.5322,1.6577,-1.9789,-4.3572,0.4496,-2.4173,-2.684,2.6056,-1.1107,0.3858,0.5087,0.448,0.3828,0.386,0.3386,0.4056,0.2816,0.3984,0.4632,0.3943,0.4559,0.2516,0.338,0.3114,0.2879,0.3106,0.2533,0.3244,0.2464,0.3023,0.3414,0.2754,0.3375,2458.4053
Dirt,Florida Georgia Line,123.046875,-126.3639,98.0535,-6.108,22.077,2.4194,11.1526,-1.0908,6.3539,-3.6149,2.1897,-4.386,4.1239,-1.8815,0.2904,0.4199,0.5923,0.3019,0.3288,0.3026,0.522,0.3213,0.2876,0.4724,0.3215,0.3477,0.2322,0.2576,0.3347,0.1989,0.283,0.2181,0.3276,0.2361,0.2211,0.3237,0.2457,0.2958,2232.0363
Love Runs Out,OneRepublic,117.45383522727273,-95.1106,98.0933,-4.3113,27.8562,-8.5361,15.5065,-1.6958,8.4871,-2.5802,10.5261,2.7948,0.9239,-4.9854,0.3285,0.3347,0.4574,0.3725,0.3349,0.4401,0.4622,0.6495,0.4574,0.3749,0.3986,0.3524,0.271,0.2457,0.3103,0.2747,0.2612,0.3093,0.2742,0.3336,0.2719,0.2909,0.3003,0.2596,2323.6012
Bottoms Up,Brantley Gilbert,86.1328125,-27.0515,88.4778,1.4779,16.7613,2.4008,4.0963,-5.0308,2.794,-5.8249,4.664,-3.4593,2.8365,-3.0494,0.2976,0.3161,0.4792,0.3225,0.4169,0.2921,0.3941,0.426,0.2886,0.3542,0.3103,0.4407,0.2357,0.2394,0.34,0.2212,0.3442,0.2282,0.2953,0.3153,0.2128,0.3165,0.2298,0.3362,2438.1461
Shower,Becky G,117.45383522727273,-108.1795,98.8138,1.2264,17.8678,3.846,3.2594,16.3,-5.1473,11.7927,6.8991,-4.8298,3.899,0.2403,0.2986,0.3727,0.5133,0.3592,0.3858,0.303,0.3875,0.3089,0.3556,0.5451,0.4022,0.4693,0.2207,0.2614,0.3397,0.2371,0.2878,0.2226,0.3111,0.2541,0.2378,0.3392,0.2505,0.3364,2051.7167
Me and My Broken Heart,Rixton,172.265625,-107.4366,74.0069,-1.9614,13.4875,7.2105,9.5153,-2.5599,9.5575,-2.1887,7.5074,1.4995,5.8336,3.5724,0.443,0.3117,0.4489,0.4792,0.3371,0.4114,0.3163,0.4205,0.3224,0.3371,0.3945,0.3267,0.3365,0.225,0.3154,0.334,0.2455,0.3401,0.2318,0.3183,0.2702,0.2783,0.3194,0.2392,2675.7822
Animals,Martin Garrix,129.19921875,-79.3295,86.6215,3.8609,11.3826,3.4728,12.6902,7.977,11.8919,5.1812,6.0426,0.4953,4.2339,0.2452,0.4863,0.3926,0.3483,0.4224,0.4923,0.6566,0.5653,0.4945,0.5125,0.4556,0.3921,0.3746,0.3152,0.2662,0.2555,0.2817,0.2847,0.3476,0.3003,0.2802,0.3148,0.3052,0.3004,0.2743,2307.7206
Lifestyle,Rich Gang featuring Young Thug and Rich Homie Quan,89.10290948275862,-149.4822,57.211,9.7188,22.7798,1.0579,8.1532,-5.8955,7.8433,-1.2135,10.0203,0.6965,5.9698,2.934,0.3994,0.4103,0.3292,0.3908,0.43,0.5735,0.5394,0.4583,0.4933,0.4888,0.4673,0.3775,0.2898,0.2933,0.2525,0.3005,0.2938,0.3354,0.3167,0.2897,0.3294,0.3201,0.3022,0.2704,2978.6294
American Kids,Kenny Chesney,86.1328125,-75.6537,67.0886,12.6085,29.3225,13.2695,11.0796,4.5691,7.8384,-3.7056,7.1697,0.7882,4.1586,-1.5096,0.4337,0.3773,0.4305,0.3619,0.409,0.3705,0.4441,0.5079,0.3706,0.3414,0.3814,0.472,0.3248,0.2677,0.2952,0.2693,0.3363,0.28,0.2969,0.3343,0.2581,0.2691,0.2818,0.3217,2828.9699
Brave,Sara Bareilles,92.28515625,-21.5998,73.6181,-0.6581,24.3057,6.4919,11.087,4.0437,11.5546,2.8494,8.755,-1.0512,7.7714,-0.7914,0.4295,0.3995,0.5369,0.4505,0.3534,0.4486,0.35,0.3911,0.3413,0.4539,0.5147,0.3724,0.3234,0.2729,0.319,0.3058,0.2392,0.3179,0.2444,0.2991,0.2616,0.3044,0.3207,0.2583,2677.0624
Sweater Weather,The Neighbourhood,123.046875,-75.8095,120.2446,-16.9254,24.9269,1.4997,1.6765,-3.4616,6.3007,0.3509,4.0074,-0.5079,5.3054,2.637,0.464,0.3849,0.5343,0.4082,0.2917,0.3202,0.2804,0.4036,0.3009,0.3851,0.4593,0.3442,0.3374,0.2585,0.3319,0.3057,0.2436,0.2683,0.2224,0.3078,0.2336,0.2759,0.321,0.2445,1824.0468
Leave the Night On,Sam Hunt,86.1328125,-130.7284,78.2591,-0.8505,24.0196,7.8806,5.5826,-3.6857,5.6846,-3.8959,-0.1889,-3.6529,2.4565,-3.8155,0.2686,0.3364,0.2853,0.296,0.4262,0.2752,0.2962,0.2565,0.401,0.5747,0.3375,0.3925,0.2258,0.2959,0.2499,0.2272,0.3352,0.237,0.2951,0.2463,0.2859,0.3732,0.2245,0.3384,2343.889
New Flame,Chris Brown featuring Usher and Rick Ross,95.703125,-66.268,80.1716,9.9518,18.0638,11.4486,7.0179,-2.5311,10.144,-0.1398,12.3768,2.3398,3.312,1.1991,0.4863,0.49,0.3801,0.5065,0.3282,0.3639,0.2672,0.3338,0.4431,0.3691,0.3852,0.336,0.3231,0.3421,0.2644,0.3507,0.2445,0.3014,0.2236,0.2575,0.3325,0.2715,0.2885,0.2456,2481.687
Love Never Felt So Good,Michael Jackson and Justin Timberlake,117.45383522727273,-79.6122,95.0877,3.6256,16.2941,7.4226,5.7758,-3.8364,3.3235,-1.0511,4.3825,-4.7592,4.8181,-4.9607,0.4854,0.4027,0.4341,0.385,0.4293,0.4828,0.4063,0.4359,0.4338,0.5334,0.4158,0.3745,0.3271,0.2722,0.3142,0.281,0.2992,0.333,0.2906,0.3075,0.2836,0.3233,0.2802,0.262,2227.0632
Drunk on a Plane,Dierks Bentley,103.359375,-142.0847,95.803,-3.9373,28.5935,8.5236,7.8289,-0.4873,7.0625,-4.8688,5.794,-1.9951,1.7662,-2.4263,0.3527,0.4803,0.3613,0.3723,0.5251,0.3759,0.3911,0.3312,0.4614,0.5698,0.3615,0.3776,0.2475,0.3164,0.2829,0.2532,0.3153,0.2494,0.3119,0.2595,0.2768,0.3231,0.2339,0.2812,2147.1899
Birthday,Katy Perry,123.046875,-53.2571,69.4435,-7.1,14.2713,0.1023,1.085,-3.2759,3.1492,-3.8225,2.6775,-5.8019,2.3814,-0.809,0.386,0.4353,0.3404,0.4694,0.3571,0.2885,0.4072,0.2712,0.3604,0.2679,0.4007,0.6009,0.2598,0.353,0.2554,0.3305,0.2892,0.2444,0.3026,0.2088,0.3067,0.2364,0.2673,0.3452,2848.2255
Bartender,Lady Antebellum,99.38401442307692,-88.5291,89.141,-1.7995,25.8672,4.532,7.7557,2.8012,5.7285,-0.3081,3.7152,-1.8081,2.1514,-1.2325,0.3534,0.4253,0.4497,0.2889,0.3526,0.307,0.5225,0.4019,0.3743,0.4733,0.4002,0.5222,0.2279,0.2714,0.3017,0.2027,0.299,0.2096,0.3196,0.2823,0.2553,0.3178,0.2337,0.3401,2398.3342
La La La,Naughty Boy featuring Sam Smith,123.046875,-194.1327,84.7719,19.1674,28.848,5.3127,4.0175,-4.3847,1.7307,0.0916,1.9963,-3.5094,0.968,-0.3149,0.3954,0.5473,0.4125,0.3558,0.4136,0.3857,0.4825,0.2943,0.3407,0.354,0.3,0.3911,0.2896,0.3421,0.3033,0.2713,0.3327,0.2916,0.3398,0.2409,0.2723,0.298,0.2324,0.3355,2216.756
Blurred Lines,Robin Thicke featuring T.I. and Pharrell Williams,117.45383522727273,-210.0142,80.5278,17.0413,13.0902,10.7132,7.0573,-4.9918,6.8632,2.1188,2.0254,-2.7315,5.0348,0.7594,0.3904,0.4394,0.4961,0.4199,0.3487,0.355,0.4032,0.4363,0.446,0.4834,0.4249,0.3805,0.3159,0.31,0.3513,0.3319,0.3046,0.3104,0.3122,0.3433,0.3015,0.3135,0.3035,0.2987,2300.1381
Do What U Want,Lady Gaga featuring R. Kelly,95.703125,-72.2043,84.8042,-3.2117,13.1013,1.2365,6.7283,0.9923,5.0104,-1.5015,8.6409,-2.8073,3.2029,0.2179,0.3632,0.3602,0.3291,0.3186,0.4626,0.3419,0.3919,0.3582,0.3239,0.3221,0.2679,0.4038,0.2946,0.3043,0.3007,0.262,0.3607,0.2751,0.3179,0.2989,0.2671,0.2959,0.2227,0.3305,2526.6085
Can't Remember to Forget You,Shakira featuring Rihanna,135.99917763157896,-38.7252,73.9065,-5.3936,27.0533,3.6492,0.0402,3.6384,3.2064,3.7522,3.5724,-6.1578,1.1431,-6.0916,0.2745,0.3248,0.3233,0.2739,0.3347,0.2975,0.4821,0.3285,0.2736,0.4064,0.3357,0.4093,0.2435,0.2946,0.3068,0.2634,0.3301,0.2456,0.3614,0.2777,0.2296,0.3503,0.2531,0.3547,2623.1049
Amnesia,5 Seconds of Summer,103.359375,-102.4726,72.132,11.0931,25.7865,11.0735,11.1827,-4.2731,3.4101,0.9264,2.4251,-0.2999,0.8175,-3.8524,0.2347,0.3262,0.443,0.2939,0.321,0.2608,0.4545,0.3977,0.3048,0.3758,0.2598,0.2648,0.2642,0.3097,0.3691,0.2573,0.3181,0.2179,0.3506,0.3656,0.2552,0.3188,0.2345,0.2952,2390.3352
No Mediocre,T.I. featuring Iggy Azalea,95.703125,-114.7322,91.2538,24.0424,24.5305,13.5864,10.1149,-3.6974,3.4506,2.2858,5.6277,-3.5305,11.298,3.2193,0.5276,0.5783,0.4721,0.4751,0.4592,0.3281,0.2768,0.315,0.4722,0.4879,0.4679,0.5075,0.2972,0.3291,0.2815,0.2869,0.3021,0.252,0.2247,0.2368,0.3017,0.3081,0.284,0.3051,2123.1837
Come with Me Now,KONGOS,103.359375,-25.993,88.4232,-8.6956,29.4575,-2.1338,9.4415,1.9815,3.7271,-2.1066,7.0844,-1.6959,3.5439,-5.2772,0.283,0.3317,0.4006,0.5844,0.3967,0.4334,0.4562,0.3903,0.4188,0.4367,0.5646,0.3246,0.2319,0.2549,0.2529,0.3462,0.2324,0.2739,0.3159,0.2692,0.3225,0.2825,0.3201,0.2234,2319.2975
Believe Me,Lil Wayne featuring Drake,92.28515625,-170.7359,93.5004,15.1861,27.3844,9.3737,7.3234,-0.6231,5.7945,0.0102,7.6596,3.3061,1.982,-2.9147,0.4004,0.4902,0.3549,0.3325,0.4057,0.6048,0.5146,0.3954,0.3582,0.3459,0.4071,0.3541,0.3055,0.3563,0.2776,0.2865,0.2866,0.3468,0.3167,0.285,0.2896,0.2676,0.3026,0.2821,1759.6744
23,"Mike WiLL Made-It featuring Miley Cyrus, Wiz Khalifa, and Juicy J",135.99917763157896,-187.4385,75.9278,11.7977,22.4206,17.317,14.4189,4.8708,12.9539,6.8528,11.7295,2.9674,7.0766,3.9674,0.4681,0.4721,0.5429,0.5583,0.5957,0.6285,0.5206,0.4576,0.5217,0.5974,0.562,0.4906,0.2758,0.2443,0.2953,0.2975,0.2957,0.3017,0.2474,0.2385,0.273,0.319,0.3191,0.2838,2210.0387
Beachin',Jake Owen,92.28515625,-41.7291,90.8664,-5.4356,17.7855,-2.6788,1.8329,-4.1853,2.4946,-4.663,6.3574,-6.6024,-1.8286,-6.2772,0.3595,0.4808,0.3236,0.3925,0.3408,0.4776,0.6208,0.3978,0.4673,0.4698,0.5552,0.3562,0.2425,0.3006,0.2139,0.2785,0.2306,0.2606,0.3059,0.2378,0.3014,0.2602,0.3086,0.2471,2483.7922
White Walls,Macklemore & Ryan Lewis featuring ScHoolboy Q and Hollis,117.45383522727273,-92.8189,82.877,-16.4381,6.6718,-2.8245,1.9532,-5.572,1.8545,-1.768,1.8824,-5.6787,1.9171,-0.943,0.3035,0.3765,0.4866,0.3211,0.3523,0.2964,0.3018,0.2987,0.3015,0.5653,0.332,0.2776,0.2757,0.3015,0.3437,0.2472,0.3182,0.2679,0.2936,0.3096,0.2451,0.3532,0.2815,0.2759,2280.3231
She Looks So Perfect,5 Seconds of Summer,161.4990234375,-12.3017,57.0749,-16.8664,21.4952,2.1745,10.6531,-1.5309,14.1237,6.9265,8.0718,1.9983,3.5289,-2.1951,0.3382,0.3865,0.3258,0.427,0.4726,0.3604,0.4338,0.3609,0.4763,0.4134,0.3795,0.4563,0.234,0.2992,0.241,0.2858,0.3202,0.2377,0.3266,0.2572,0.3319,0.2989,0.2532,0.3196,3016.8087
Stay the Night,Zedd featuring Hayley Williams,129.19921875,-99.8455,90.2152,-1.7109,6.2172,2.8593,0.689,1.9775,-3.6387,-3.01,1.9182,-5.9745,1.5936,-6.6166,0.3812,0.3149,0.2783,0.429,0.251,0.3435,0.2363,0.3629,0.5193,0.2941,0.3852,0.2658,0.3141,0.2867,0.2263,0.3273,0.1976,0.3313,0.2128,0.2834,0.3598,0.2187,0.3472,0.2156,2536.2206
Partition,Beyoncé,184.5703125,-153.2247,100.4779,4.4225,27.1156,10.0451,7.1,12.5547,6.854,9.9743,12.1094,4.2833,7.8477,3.1385,0.4049,0.3581,0.3725,0.4283,0.541,0.5523,0.5193,0.5127,0.4761,0.4644,0.4329,0.4372,0.3268,0.2652,0.2423,0.2696,0.3378,0.346,0.2816,0.2909,0.287,0.3183,0.297,0.3192,1701.9578
Studio,ScHoolboy Q featuring BJ the Chicago Kid,135.99917763157896,-116.1552,63.6832,23.6114,6.9862,2.0444,-1.7478,-11.298,5.8337,-11.4552,2.361,-0.6565,11.0169,8.4257,0.3528,0.5646,0.3782,0.4274,0.3119,0.2939,0.3093,0.3184,0.4493,0.4491,0.5399,0.3946,0.2633,0.3505,0.2504,0.3192,0.2527,0.2481,0.2537,0.2597,0.3404,0.3124,0.3569,0.2888,3356.9292
0 to 100 / The Catch Up,Drake,89.10290948275862,-74.5787,104.6685,0.2193,28.7258,6.7667,8.9083,-3.8815,5.8705,-7.2271,-0.0512,-3.099,-1.6958,-3.8205,0.3143,0.2823,0.2902,0.2641,0.3279,0.3562,0.4445,0.4674,0.3278,0.3378,0.3532,0.4293,0.2757,0.2815,0.2693,0.2383,0.3107,0.2871,0.3137,0.3415,0.2723,0.3175,0.2966,0.3457,2088.7607
I Don't Dance,Lee Brice,92.28515625,-138.2654,110.6263,9.8994,27.3997,15.7239,6.4919,0.0107,5.4139,-1.3507,0.1288,-2.0222,1.454,-0.7675,0.4193,0.567,0.3143,0.3019,0.2437,0.3682,0.289,0.2787,0.4493,0.2951,0.3079,0.2767,0.2755,0.3614,0.2254,0.2901,0.2091,0.3167,0.291,0.249,0.3589,0.2509,0.3077,0.2248,1619.3996
Somethin' Bad,Miranda Lambert and Carrie Underwood,89.10290948275862,-79.8038,85.4118,-3.5979,26.4183,4.8432,9.1944,2.9028,6.7687,1.8535,5.5329,-1.9547,3.8072,-2.3628,0.3049,0.2851,0.3225,0.3975,0.5702,0.361,0.3332,0.3374,0.3579,0.3753,0.3711,0.4446,0.2494,0.2517,0.2822,0.2668,0.3587,0.249,0.2711,0.2969,0.285,0.3252,0.2863,0.3245,2318.814
Adore You,Miley Cyrus,117.45383522727273,-66.952,96.7253,8.064,24.2466,0.0598,8.5662,1.6005,0.5254,6.5362,6.6008,-1.3724,6.1476,-6.3773,0.4303,0.2875,0.3225,0.2676,0.5101,0.2886,0.2398,0.401,0.2948,0.3769,0.2407,0.2751,0.3653,0.2242,0.3243,0.2025,0.3697,0.2591,0.2327,0.3537,0.2626,0.3566,0.2296,0.2555,2142.339
