Model,Concept,Positive_Rows,Negative_Rows,Threshold,MAE,RMSE,R2,Accuracy,Precision,Recall,F1,Tuned_F1,Reliability
cbm_mlp_tuned::mlp_wide_regularized,Love,58,18,0.25,3.2631767580383704,3.82824193872239,-0.20935196736793182,0.7631578947368421,0.7631578947368421,1.0,0.8656716417910447,0.8656716417910447,low_label_coverage
cbm_mlp_tuned::mlp_wide_regularized,Heartbreak,40,36,2.8417721518987342,3.753555195111977,4.146768067178515,-0.2794810940466981,0.5526315789473685,0.5416666666666666,0.975,0.6964285714285714,0.6964285714285714,usable
cbm_mlp_tuned::mlp_wide_regularized,Partying,29,47,1.9778481012658229,3.778375797757977,4.242643291814636,-0.9298028335726127,0.39473684210526316,0.38666666666666666,1.0,0.5576923076923077,0.5576923076923077,usable
cbm_mlp_tuned::mlp_wide_regularized,Drugs,16,60,5.063291139240507,3.9170879233432445,4.330084711764863,-4.016810290335915,0.6578947368421053,0.32142857142857145,0.5625,0.4090909090909091,0.4090909090909091,low_label_coverage
cbm_mlp_tuned::mlp_wide_regularized,Sex,29,47,1.6075949367088609,4.219393312931061,4.724867986634909,-1.1642431082368572,0.40789473684210525,0.3918918918918919,1.0,0.5631067961165048,0.5631067961165048,usable
cbm_mlp_tuned::mlp_wide_regularized,Violence,16,60,3.829113924050633,4.022403377647462,4.386743977170575,-3.730617434367365,0.5394736842105263,0.2978723404255319,0.875,0.4444444444444444,0.4444444444444444,low_label_coverage
cbm_mlp_tuned::mlp_wide_regularized,Self-Empowerment,43,33,0.25,3.5872721958317255,4.156512190350889,-0.6825940372532975,0.5657894736842105,0.5657894736842105,1.0,0.7226890756302521,0.7226890756302521,usable
cbm_mlp_tuned::mlp_wide_regularized,Success,26,50,4.322784810126582,3.467254555735149,3.8682810997497006,-1.0919194960486984,0.618421052631579,0.4594594594594595,0.6538461538461539,0.5396825396825397,0.5396825396825397,usable
cbm_mlp_tuned::mlp_wide_regularized,Hope,49,27,1.7310126582278482,3.4181192262392295,3.8676836817471667,-1.1657071262888508,0.6578947368421053,0.6533333333333333,1.0,0.7903225806451613,0.7903225806451613,usable
cbm_mlp_tuned::mlp_wide_regularized,Celebration,24,52,2.9651898734177218,3.781467047176863,4.23524156235117,-1.6082037566224132,0.4342105263157895,0.3492063492063492,0.9166666666666666,0.5057471264367817,0.5057471264367817,usable
cbm_mlp_tuned::mlp_wide_regularized,Coming_Of_Age,39,37,2.4715189873417724,3.3137003210814377,3.886021208032071,-1.0305972517726132,0.5394736842105263,0.5277777777777778,0.9743589743589743,0.6846846846846847,0.6846846846846847,usable
cbm_mlp_tuned::mlp_wide_regularized,Loneliness,31,45,0.25,3.931834828304617,4.372349989966132,-1.518585841643032,0.40789473684210525,0.40789473684210525,1.0,0.5794392523364486,0.5794392523364486,usable
cbm_mlp_tuned::mlp_wide_regularized,Struggle,42,34,2.1012658227848102,3.545632913316551,4.044613277350265,-0.8653069044086601,0.5657894736842105,0.56,1.0,0.717948717948718,0.717948717948718,usable
cbm_mlp_tuned::mlp_wide_regularized,Friendship,30,46,2.4715189873417724,3.5010027973667572,4.00093503810411,-3.3662264493128964,0.4868421052631579,0.43478260869565216,1.0,0.6060606060606061,0.6060606060606061,usable
cbm_mlp_tuned::mlp_wide_regularized,Traveling,17,59,1.9778481012658229,3.859789436192889,4.294166003212516,-8.153372375930918,0.3157894736842105,0.2463768115942029,1.0,0.3953488372093023,0.3953488372093023,low_label_coverage
ridge_baseline,Love,58,18,0.25,3.0429546919201753,3.4633808224611666,0.010184027333576928,0.7631578947368421,0.7631578947368421,1.0,0.8656716417910447,0.8656716417910447,low_label_coverage
ridge_baseline,Heartbreak,40,36,0.25,3.258032219330624,3.6948661745415396,-0.015808419904500326,0.5263157894736842,0.5263157894736842,1.0,0.6896551724137931,0.6896551724137931,usable
ridge_baseline,Partying,29,47,1.4841772151898736,2.6072533132705122,3.143473797912349,-0.05939907832762392,0.39473684210526316,0.38666666666666666,1.0,0.5576923076923077,0.5576923076923077,usable
ridge_baseline,Drugs,16,60,0.49683544303797467,1.276079341113104,1.9496849804871907,-0.017100306556782074,0.2236842105263158,0.21333333333333335,1.0,0.3516483516483517,0.3516483516483517,low_label_coverage
ridge_baseline,Sex,29,47,1.3607594936708862,2.6656364182450916,3.329943994636847,-0.07498039601957673,0.39473684210526316,0.38666666666666666,1.0,0.5576923076923077,0.5576923076923077,usable
ridge_baseline,Violence,16,60,0.620253164556962,1.4489568804515607,2.0750820823921714,-0.05853156225269096,0.2236842105263158,0.21333333333333335,1.0,0.3516483516483517,0.3516483516483517,low_label_coverage
ridge_baseline,Self-Empowerment,43,33,0.25,2.7232265718967192,3.2310880541109626,-0.01676085044776565,0.5657894736842105,0.5657894736842105,1.0,0.7226890756302521,0.7226890756302521,usable
ridge_baseline,Success,26,50,0.25,2.276242742126394,2.7265554874709097,-0.039292029152499186,0.34210526315789475,0.34210526315789475,1.0,0.5098039215686274,0.5098039215686274,usable
ridge_baseline,Hope,49,27,0.25,2.1653971577205104,2.715340403489732,-0.06744717704567282,0.6447368421052632,0.6447368421052632,1.0,0.784,0.784,usable
ridge_baseline,Celebration,24,52,1.1139240506329116,2.18680175029205,2.6526135142670593,-0.023135373518446523,0.35526315789473684,0.3287671232876712,1.0,0.4948453608247423,0.4948453608247423,weak_validation_f1
ridge_baseline,Coming_Of_Age,39,37,0.25,2.2037446083397874,2.7084286242988562,0.013610930037621483,0.5131578947368421,0.5131578947368421,1.0,0.6782608695652174,0.6782608695652174,usable
ridge_baseline,Loneliness,31,45,0.25,2.429755098756331,2.8496725192567482,-0.06983506843585108,0.40789473684210525,0.40789473684210525,1.0,0.5794392523364486,0.5794392523364486,usable
ridge_baseline,Struggle,42,34,0.25,2.6712696640032503,3.0481807754731634,-0.059443329256812394,0.5526315789473685,0.5526315789473685,1.0,0.711864406779661,0.711864406779661,usable
ridge_baseline,Friendship,30,46,0.8670886075949368,1.4853149634980272,1.9367830333863596,-0.023163879975209634,0.40789473684210525,0.4,1.0,0.5714285714285714,0.5714285714285714,usable
ridge_baseline,Traveling,17,59,0.25,1.0454809948909047,1.454221611657781,-0.049747045704134685,0.2236842105263158,0.2236842105263158,1.0,0.3655913978494624,0.3655913978494624,low_label_coverage
